{"cameraMode":{"drawMode":0,"name":"Shaded","section":"Shading Mode"},"sceneLighting":true,"audioPlay":false,"sceneViewState":{"m_AlwaysRefresh":false,"showFog":true,"showSkybox":true,"showFlares":true,"showImageEffects":true,"showParticleSystems":true,"showVisualEffectGraphs":true,"m_FxEnabled":true},"in2DMode":false,"pivot":{"x":-1642.7593994140625,"y":119.59312438964844,"z":2698.629638671875},"rotation":{"x":0.06149883568286896,"y":-0.5228448510169983,"z":0.03791915625333786,"w":0.8493963479995728},"size":70.91031646728516,"orthographic":false}